text,review
Poor acting and a confusing storyline.,0
A brilliant and thought-provoking piece of cinema.,1
A forgettable experience that I wouldn't recommend to others.,0
A visually stunning masterpiece that deserves recognition.,1
An emotional journey that resonated with me deeply.,1
The humor in the movie was spot-on and had me laughing non-stop.,1
"The cinematography was breathtaking, capturing the essence of the story.",1
A forgettable experience. I wouldn't watch it again.,0
The acting was wooden and unconvincing.,0
I felt no emotional connection to the characters or their struggles.,0
A masterpiece of storytelling and filmmaking.,1
The movie failed to create a compelling and engaging narrative.,0
A must-watch for all movie enthusiasts.,1
Poor acting and a confusing storyline.,0
I found it boring and uninteresting.,0
The plot twists were unexpected and kept me engaged until the end.,1
The director did a fantastic job bringing the story to life.,1
"The plot was confusing, and I lost interest quickly.",0
The attention to detail in every scene was remarkable.,1
I was on the edge of my seat during the intense scenes.,1
A true work of art that deserves all the praise it receives.,1
"The film lacked originality, and I've seen similar stories done better.",0
I found myself fully immersed in the world the movie created.,1
The movie offered a fresh take on a familiar genre.,1
A letdown from start to finish.,0
"The pacing was perfect, keeping me engaged throughout.",1
Amazing cinematography and excellent performances.,1
A heartwarming and touching film.,1
An instant classic. I will definitely watch it again.,1
I was left with more questions than answers by the end.,0
This movie is a gem that deserves more recognition.,1
The plot twists were unexpected and added excitement.,1
A weak attempt at storytelling with an unsatisfying conclusion.,0
The ensemble cast delivered exceptional performances.,1
The movie felt like a generic rehash of familiar tropes.,0
I found it boring and uninteresting.,0
The film lacked originality and creativity.,0
"The acting was wooden, and the actors lacked chemistry.",0
The soundtrack was memorable and enhanced key moments.,1
The chemistry between the lead actors was palpable.,1
Fantastic chemistry among the cast members.,1
"The storytelling was compelling, and the character development was impressive.",1
"The dialogue was sharp, witty, and added to the overall charm.",1
I was pleasantly surprised by how much I enjoyed this movie.,1
The twists and turns kept me guessing until the end.,1
"The film lacked emotional depth, leaving me indifferent.",0
A must-watch for anyone who appreciates cinematic artistry.,1
A must-watch for all movie enthusiasts.,1
I was left feeling underwhelmed and dissatisfied.,0
I found the special effects to be underwhelming and unimpressive.,0
"The soundtrack complemented the scenes perfectly, enhancing the overall experience.",1
A thought-provoking and intellectually stimulating movie.,1
Thoroughly enjoyed every moment of the film.,1
The dialogue was clichéd and failed to resonate with me.,0
A forgettable experience. I wouldn't watch it again.,0
"The dialogue was clichéd, and the characters felt like caricatures.",0
"The film lacked originality, and I've seen similar stories done better.",0
"The movie failed to hold my interest, and I found it dull.",0
The movie had a powerful message that left a lasting impact on me.,1
A complete waste of time. I wouldn't recommend it.,0
A masterpiece of storytelling and filmmaking.,1
I was pleasantly surprised by the depth of the characters.,1
Thoroughly enjoyed every moment of the film.,1
"The pacing was off, making it difficult to stay engaged.",0
I appreciated the attention to detail in the production design.,1
The movie was terrible. I didn't enjoy it at all.,0
"I was immersed in the world of the movie, thanks to its immersive storytelling.",1
The special effects were groundbreaking and impressive.,1
"The visuals were stunning, and the special effects were top-notch.",1
I was invested in the characters' fates and cared about their stories.,1
The ending was satisfying and left a lasting impression.,1
"A delightful escape from reality, providing pure enjoyment.",1
"The dialogue felt forced, and the pacing was off.",0
A letdown from start to finish.,0
Predictable and lacking originality. Not worth recommending.,0
The movie relied too heavily on clichés and stereotypes.,0
I was on the edge of my seat throughout the entire film.,1
A heartwarming tale that left a lasting impression.,1
"The movie felt like a chore to watch, and I wouldn't revisit it.",0
A heartwarming and touching film.,1
Incredible visual effects and a gripping narrative.,1
The twists and turns in the plot kept me guessing until the end.,1
"The performances were lackluster, and the actors seemed uninvested.",0
Amazing cinematography and excellent performances.,1
The soundtrack added a lot to the overall experience.,1
The director did a fantastic job bringing the story to life.,1
The movie successfully balanced humor and heartfelt moments.,1
An instant classic that I will recommend to others.,1
I struggled to connect with the characters and their motivations.,0
I loved the movie. The storyline was amazing.,1
"The plot was confusing, and I lost interest quickly.",0
I was left with more questions than answers by the end.,0
The movie relied on tired clichés and predictable tropes.,0
"The pacing was perfect, and I was captivated from start to finish.",1
Great acting and a compelling plot.,1
The movie stayed true to its source material and pleased fans.,1
"This movie was forgettable, and I wouldn't revisit it.",0
The humor in the movie was clever and had me laughing.,1
"I struggled to stay interested, and the plot failed to captivate me.",0
An impactful and emotionally resonant cinematic journey.,1
The film lacked originality and creativity.,0
The director's vision seemed muddled and unclear.,0
"I expected more from this movie, but it fell short.",0
"The cinematography was uninspiring, and the visuals were lackluster.",0
The soundtrack did little to enhance the overall experience.,0
I felt a strong emotional connection to the characters' journeys.,1
An enjoyable cinematic experience with great visuals.,1
The movie failed to deliver on its promises.,0
I appreciated the attention to detail in the set design and costumes.,1
The movie exceeded my expectations. A true gem.,1
The movie resonated with me on a deep emotional level.,1
"The dialogue felt forced, and the pacing was off.",0
"The performances were lackluster, and the actors seemed uninvested.",0
I would not recommend this movie to anyone.,0
A brilliant and thought-provoking piece of cinema.,1
"The storyline was predictable, and I saw the twists coming from a mile away.",0
"I found myself checking the time, waiting for the movie to be over.",0
"The performances were outstanding, especially from the lead actors.",1
The attention to detail in the set design was impressive.,1
The movie had a unique and fresh perspective that set it apart.,1
"The cinematography was beautiful, creating a visually captivating experience.",1
The plot felt contrived and didn't make much sense.,0
"The movie lacked coherence, and the scenes felt disjointed.",0
One of the best movies I've seen in years.,1
I was moved by the powerful message conveyed in the film.,1
"The humor fell flat, and I didn't find anything amusing.",0
"The cinematography was top-notch, creating visually stunning scenes.",1
"The movie felt like a chore to watch, and I wouldn't revisit it.",0
Lackluster performances and a weak plot.,0
A feel-good movie that left me with a smile on my face.,1
The soundtrack did little to enhance the overall experience.,0
The movie was overhyped and did not live up to expectations.,0
I couldn't wait for it to be over.,0
Fantastic chemistry among the cast members.,1
The movie lacked substance and failed to leave a lasting impression.,0
I can't wait to recommend this film to all my friends.,1
The movie felt like a generic rehash of familiar themes.,0
Disappointing performances and a poorly executed plot.,0
"The movie was a disappointment, and I felt like I wasted my time.",0
A lackluster film that failed to leave a lasting impression.,0
The movie felt like a missed opportunity to explore deeper themes.,0
"The pacing was uneven, making it difficult to stay engaged.",0
The movie felt like a missed opportunity to explore deeper themes.,0
I found it difficult to care about the fate of the characters.,0
I was disappointed by the lack of depth in the story.,0
The movie was terrible. I didn't enjoy it at all.,0
The characters were one-dimensional and lacked depth.,0
The movie left me with a sense of awe and wonder.,1
Disappointing and predictable. Not worth the hype.,0
I was on the edge of my seat throughout the entire film.,1
The movie felt like a generic rehash of familiar tropes.,0
The characters were poorly developed.,0
"The humor was forced, and I didn't find it amusing.",0
The humor in the movie was spot-on and had me laughing non-stop.,1
A complete waste of time. I wouldn't recommend it.,0
A feel-good film that left me in a positive mood.,1
Outstanding performances and a well-crafted storyline.,1
The soundtrack added an extra layer to the overall atmosphere.,1
The twists and turns kept me guessing until the end.,1
I regret watching this film.,0
The acting was wooden and unconvincing.,0
I felt a strong connection to the characters and their journeys.,1
The movie captivated my attention from start to finish.,1
"I found myself checking the time, waiting for the movie to be over.",0
I was left feeling underwhelmed and dissatisfied.,0
I couldn't connect with the characters.,0
"The movie left me in awe, and I couldn't stop thinking about it.",1
An instant classic. I will definitely watch it again.,1
Lackluster performances and a weak plot.,0
I found the movie to be both entertaining and thought-provoking.,1
I couldn't get enough of this movie. Highly recommended.,1
I regret watching this film.,0
The director's vision was brilliantly executed on screen.,1
A disappointing film that failed to live up to expectations.,0
The movie was overhyped and did not live up to expectations.,0
I was disappointed by the lack of depth in the story.,0
"I struggled to stay interested, and the plot failed to captivate me.",0
The twists in the plot were unconvincing and lacked impact.,0
I found the movie to be pretentious and self-indulgent.,0
"The humor fell flat, and I didn't find anything amusing.",0
"The movie was a delightful escape, providing a much-needed break from reality.",1
The soundtrack added a lot to the overall experience.,1
I loved the movie. The storyline was amazing.,1
I regret spending time watching this film.,0
I was left questioning the purpose and meaning of the story.,0
The movie left me pondering its themes long after it ended.,1
The movie successfully delivered on its promises. A true cinematic delight.,1
One of the best movies I've seen in years.,1
I was disappointed by the lack of depth in the story.,0
The humor was clever and had me laughing throughout.,1
I was left questioning the purpose and meaning of the story.,0
The special effects were subpar.,0
Incredible visual effects and a gripping narrative.,1
"I expected more from this movie, but it fell short.",0
The special effects were subpar.,0
"The performances were nuanced, bringing depth to the characters.",1
I couldn't get enough of this movie. Highly recommended.,1
I was thoroughly entertained and would gladly watch it again.,1
I couldn't wait for it to be over.,0
The characters were poorly developed.,0
The movie exceeded my expectations. A true gem.,1
I couldn't connect with the characters.,0
"The characters were well-developed, and the dialogue was engaging.",1
"The characters were well-developed, and the dialogue was engaging.",1
Disappointing and predictable. Not worth the hype.,0
I found the movie to be uplifting and inspiring.,1
Great acting and a compelling plot.,1
"The visuals were mediocre, and the cinematography was uninspiring.",0
I was left feeling unsatisfied and disappointed by the ending.,0
"I expected more from this movie, but it let me down.",0
